[
{
   "model": "myapp.topic",
   "pk": 1,
   "fields": {
      "name": "Web Development",
      "category": "Development"
   }
},
{
   "model": "myapp.topic",
   "pk": 2,
   "fields": {
      "name": "Management",
      "category": "Business"
   }
},
{
   "model": "myapp.topic",
   "pk": 3,
   "fields": {
      "name": "IT Certification",
      "category": "IT & Software"
   }
},
{
   "model": "myapp.topic",
   "pk": 4,
   "fields": {
      "name": "Sports",
      "category": "Health & Fitness"
   }
},
{
   "model": "myapp.topic",
   "pk": 5,
   "fields": {
      "name": "Economics",
      "category": "Finance & Accounting"
   }
},
{
   "model": "myapp.course",
   "pk": 1,
   "fields": {
      "topic": 3,
      "name": "CCNA",
      "price": "199.99",
      "for_everyone": false,
      "hours": 1,
      "description": "CCNA course for IT certification",
      "interested": 6,
      "stages": 6,
      "comments": null
   }
},
{
   "model": "myapp.course",
   "pk": 2,
   "fields": {
      "topic": 3,
      "name": "AWS",
      "price": "119.99",
      "for_everyone": true,
      "hours": 1,
      "description": "AWS in IT Certification",
      "interested": 8,
      "stages": 9,
      "comments": null
   }
},
{
   "model": "myapp.course",
   "pk": 3,
   "fields": {
      "topic": 3,
      "name": "CompTIA Security",
      "price": "139.99",
      "for_everyone": false,
      "hours": 1,
      "description": "CompTIA Security in IT certification",
      "interested": 23,
      "stages": 5,
      "comments": null
   }
},
{
   "model": "myapp.course",
   "pk": 4,
   "fields": {
      "topic": 3,
      "name": "Oracle SQL",
      "price": "159.99",
      "for_everyone": false,
      "hours": 1,
      "description": "Oracle SQL in IT certification",
      "interested": 6,
      "stages": 4,
      "comments": null
   }
},
{
   "model": "myapp.course",
   "pk": 5,
   "fields": {
      "topic": 5,
      "name": "Microeconomics",
      "price": "199.99",
      "for_everyone": false,
      "hours": 1,
      "description": "Microeconomics in Economics",
      "interested": 3,
      "stages": 2,
      "comments": null
   }
},
{
   "model": "myapp.course",
   "pk": 6,
   "fields": {
      "topic": 5,
      "name": "Introduction to Economics",
      "price": "174.99",
      "for_everyone": true,
      "hours": 1,
      "description": "Introduction to Economics course in Economics",
      "interested": 0,
      "stages": 2,
      "comments": null
   }
},
{
   "model": "myapp.course",
   "pk": 7,
   "fields": {
      "topic": 5,
      "name": "Global Economics",
      "price": "149.99",
      "for_everyone": true,
      "hours": 1,
      "description": "Global Economics course in economics",
      "interested": 3,
      "stages": 1,
      "comments": null
   }
},
{
   "model": "myapp.course",
   "pk": 8,
   "fields": {
      "topic": 1,
      "name": "Web Dev Bootcamp",
      "price": "199.99",
      "for_everyone": true,
      "hours": 1,
      "description": "Web Dev Bootcamp in Web Development",
      "interested": 12,
      "stages": 6,
      "comments": null
   }
},
{
   "model": "myapp.course",
   "pk": 9,
   "fields": {
      "topic": 1,
      "name": "Web Design",
      "price": "159.99",
      "for_everyone": false,
      "hours": 11,
      "description": "Web Design course in Web Development",
      "interested": 6,
      "stages": 6,
      "comments": null
   }
},
{
   "model": "myapp.course",
   "pk": 10,
   "fields": {
      "topic": 1,
      "name": "Web Development Masterclass",
      "price": "124.99",
      "for_everyone": true,
      "hours": 11,
      "description": "Web Development Masterclass course in Web Developement",
      "interested": 15,
      "stages": 2,
      "comments": null
   }
},
{
   "model": "myapp.course",
   "pk": 11,
   "fields": {
      "topic": 1,
      "name": "Build Responsive Websites",
      "price": "149.99",
      "for_everyone": false,
      "hours": 11,
      "description": "Build Responsive Websites course in Web Developement",
      "interested": 4,
      "stages": 1,
      "comments": null
   }
},
{
   "model": "myapp.course",
   "pk": 12,
   "fields": {
      "topic": 2,
      "name": "Innovation for Business",
      "price": "174.99",
      "for_everyone": true,
      "hours": 11,
      "description": "Innovation for Business course in Management",
      "interested": 3,
      "stages": 2,
      "comments": null
   }
},
{
   "model": "myapp.course",
   "pk": 13,
   "fields": {
      "topic": 2,
      "name": "Leadership Skills",
      "price": "184.99",
      "for_everyone": true,
      "hours": 11,
      "description": "Leadership Skills course in Management",
      "interested": 8,
      "stages": 4,
      "comments": null
   }
},
{
   "model": "myapp.course",
   "pk": 14,
   "fields": {
      "topic": 2,
      "name": "Project Management",
      "price": "149.99",
      "for_everyone": true,
      "hours": 11,
      "description": "Project Management course in Management",
      "interested": 10,
      "stages": 6,
      "comments": null
   }
},
{
   "model": "myapp.course",
   "pk": 15,
   "fields": {
      "topic": 4,
      "name": "Sports Psychology",
      "price": "174.99",
      "for_everyone": true,
      "hours": 11,
      "description": "Sports Psychology course in Sports",
      "interested": 3,
      "stages": 1,
      "comments": null
   }
},
{
   "model": "myapp.course",
   "pk": 16,
   "fields": {
      "topic": 4,
      "name": "Introduction to Soccer",
      "price": "134.99",
      "for_everyone": true,
      "hours": 11,
      "description": "Introduction to Soccer in Sports",
      "interested": 2,
      "stages": 5,
      "comments": null
   }
},
{
   "model": "myapp.course",
   "pk": 17,
   "fields": {
      "topic": 4,
      "name": "Swimming Guide for Beginner",
      "price": "99.99",
      "for_everyone": true,
      "hours": 11,
      "description": "Swimming Guide for Beginner in Sports",
      "interested": 5,
      "stages": 2,
      "comments": null
   }
},
{
   "model": "myapp.student",
   "pk": 2,
   "fields": {
      "school": "123 University Avenue",
      "city": "WS",
      "picture": "",
      "interested_in": [
         1,
         2,
         3
      ]
   }
},
{
   "model": "myapp.student",
   "pk": 3,
   "fields": {
      "school": "Sunset Avenue",
      "city": "MR",
      "picture": "",
      "interested_in": [
         2,
         5
      ]
   }
},
{
   "model": "myapp.student",
   "pk": 4,
   "fields": {
      "school": "306 Prince Street",
      "city": "CG",
      "picture": "",
      "interested_in": [
         2,
         3,
         4
      ]
   }
},
{
   "model": "myapp.student",
   "pk": 5,
   "fields": {
      "school": "Sunset Avenue",
      "city": "MR",
      "picture": "",
      "interested_in": [
         3,
         4,
         5
      ]
   }
},
{
   "model": "myapp.student",
   "pk": 6,
   "fields": {
      "school": "987 King Street",
      "city": "WS",
      "picture": "",
      "interested_in": [
         1,
         2
      ]
   }
},
{
   "model": "myapp.student",
   "pk": 10,
   "fields": {
      "school": null,
      "city": "VC",
      "picture": "",
      "interested_in": [
         3
      ]
   }
},
{
   "model": "myapp.order",
   "pk": 46,
   "fields": {
      "course": 10,
      "student": 4,
      "levels": 2,
      "order_status": 1,
      "order_date": "2020-07-18T11:56:55Z",
      "discounted_price": 0.0
   }
},
{
   "model": "myapp.order",
   "pk": 47,
   "fields": {
      "course": 3,
      "student": 5,
      "levels": 2,
      "order_status": 1,
      "order_date": "2020-07-18T12:15:22Z",
      "discounted_price": 0.0
   }
},
{
   "model": "myapp.order",
   "pk": 48,
   "fields": {
      "course": 8,
      "student": 2,
      "levels": 1,
      "order_status": 1,
      "order_date": "2020-07-18T12:15:35Z",
      "discounted_price": 179.99099999999999
   }
},
{
   "model": "myapp.order",
   "pk": 49,
   "fields": {
      "course": 4,
      "student": 4,
      "levels": 2,
      "order_status": 1,
      "order_date": "2020-07-20T12:00:57Z",
      "discounted_price": 143.99099999999999
   }
},
{
   "model": "myapp.order",
   "pk": 50,
   "fields": {
      "course": 3,
      "student": 4,
      "levels": 3,
      "order_status": 1,
      "order_date": "2020-07-29T15:33:16Z",
      "discounted_price": 0.0
   }
},
{
   "model": "myapp.order",
   "pk": 51,
   "fields": {
      "course": 13,
      "student": 4,
      "levels": 2,
      "order_status": 1,
      "order_date": "2020-08-10T20:42:26Z",
      "discounted_price": 166.49099999999999
   }
},
{
   "model": "myapp.order",
   "pk": 52,
   "fields": {
      "course": 8,
      "student": 4,
      "levels": 0,
      "order_status": 1,
      "order_date": "2020-08-12T16:22:19Z",
      "discounted_price": 179.99099999999999
   }
},
{
   "model": "myapp.order",
   "pk": 53,
   "fields": {
      "course": 11,
      "student": 4,
      "levels": 1,
      "order_status": 1,
      "order_date": "2020-08-12T18:42:05Z",
      "discounted_price": 0.0
   }
},
{
   "model": "myapp.order",
   "pk": 54,
   "fields": {
      "course": 11,
      "student": 4,
      "levels": 1,
      "order_status": 1,
      "order_date": "2020-08-12T18:42:05Z",
      "discounted_price": 0.0
   }
},
{
   "model": "myapp.order",
   "pk": 55,
   "fields": {
      "course": 11,
      "student": 4,
      "levels": 1,
      "order_status": 1,
      "order_date": "2020-08-12T18:42:05Z",
      "discounted_price": 0.0
   }
},
{
   "model": "myapp.order",
   "pk": 56,
   "fields": {
      "course": 9,
      "student": 4,
      "levels": 3,
      "order_status": 1,
      "order_date": "2020-08-12T18:54:52Z",
      "discounted_price": 143.99099999999999
   }
},
{
   "model": "myapp.order",
   "pk": 57,
   "fields": {
      "course": 13,
      "student": 5,
      "levels": 1,
      "order_status": 1,
      "order_date": "2020-08-12T18:55:11Z",
      "discounted_price": 166.49099999999999
   }
},
{
   "model": "myapp.order",
   "pk": 58,
   "fields": {
      "course": 8,
      "student": 4,
      "levels": 0,
      "order_status": 1,
      "order_date": "2020-08-12T18:56:21Z",
      "discounted_price": 179.99099999999999
   }
},
{
   "model": "myapp.order",
   "pk": 59,
   "fields": {
      "course": 8,
      "student": 4,
      "levels": 0,
      "order_status": 1,
      "order_date": "2020-08-12T18:56:21Z",
      "discounted_price": 179.99099999999999
   }
},
{
   "model": "myapp.order",
   "pk": 60,
   "fields": {
      "course": 8,
      "student": 4,
      "levels": 0,
      "order_status": 1,
      "order_date": "2020-08-12T18:56:21Z",
      "discounted_price": 179.99099999999999
   }
},
{
   "model": "myapp.order",
   "pk": 61,
   "fields": {
      "course": 8,
      "student": 4,
      "levels": 0,
      "order_status": 1,
      "order_date": "2020-08-12T18:56:21Z",
      "discounted_price": 179.99099999999999
   }
},
{
   "model": "myapp.order",
   "pk": 62,
   "fields": {
      "course": 8,
      "student": 4,
      "levels": 0,
      "order_status": 1,
      "order_date": "2020-08-12T18:56:21Z",
      "discounted_price": 179.99099999999999
   }
},
{
   "model": "myapp.order",
   "pk": 63,
   "fields": {
      "course": 15,
      "student": 5,
      "levels": 0,
      "order_status": 1,
      "order_date": "2020-08-12T19:03:38Z",
      "discounted_price": 157.49099999999999
   }
},
{
   "model": "myapp.order",
   "pk": 64,
   "fields": {
      "course": 14,
      "student": 3,
      "levels": 0,
      "order_status": 1,
      "order_date": "2020-08-12T19:04:25Z",
      "discounted_price": 0.0
   }
},
{
   "model": "myapp.order",
   "pk": 65,
   "fields": {
      "course": 13,
      "student": 3,
      "levels": 0,
      "order_status": 1,
      "order_date": "2020-08-12T19:07:14Z",
      "discounted_price": 166.49099999999999
   }
},
{
   "model": "myapp.order",
   "pk": 66,
   "fields": {
      "course": 10,
      "student": 3,
      "levels": 0,
      "order_status": 1,
      "order_date": "2020-08-12T19:07:26Z",
      "discounted_price": 0.0
   }
},
{
   "model": "myapp.order",
   "pk": 67,
   "fields": {
      "course": 12,
      "student": 4,
      "levels": 0,
      "order_status": 1,
      "order_date": "2020-08-12T19:09:05Z",
      "discounted_price": 157.49099999999999
   }
},
{
   "model": "myapp.order",
   "pk": 68,
   "fields": {
      "course": 12,
      "student": 4,
      "levels": 0,
      "order_status": 1,
      "order_date": "2020-08-12T19:09:05Z",
      "discounted_price": 157.49099999999999
   }
},
{
   "model": "myapp.order",
   "pk": 69,
   "fields": {
      "course": 11,
      "student": 4,
      "levels": 0,
      "order_status": 1,
      "order_date": "2020-08-12T19:12:13Z",
      "discounted_price": 0.0
   }
},
{
   "model": "myapp.order",
   "pk": 70,
   "fields": {
      "course": 11,
      "student": 5,
      "levels": 1,
      "order_status": 1,
      "order_date": "2020-08-12T19:13:40Z",
      "discounted_price": 0.0
   }
},
{
   "model": "myapp.order",
   "pk": 71,
   "fields": {
      "course": 10,
      "student": 4,
      "levels": 1,
      "order_status": 1,
      "order_date": "2020-08-12T19:14:39Z",
      "discounted_price": 0.0
   }
},
{
   "model": "myapp.order",
   "pk": 72,
   "fields": {
      "course": 16,
      "student": 4,
      "levels": 2,
      "order_status": 1,
      "order_date": "2020-08-12T19:42:12Z",
      "discounted_price": 0.0
   }
},
{
   "model": "myapp.order",
   "pk": 73,
   "fields": {
      "course": 10,
      "student": 4,
      "levels": 1,
      "order_status": 1,
      "order_date": "2020-08-12T19:47:17Z",
      "discounted_price": 0.0
   }
},
{
   "model": "myapp.order",
   "pk": 74,
   "fields": {
      "course": 10,
      "student": 4,
      "levels": 1,
      "order_status": 1,
      "order_date": "2020-08-12T19:47:17Z",
      "discounted_price": 0.0
   }
},
{
   "model": "myapp.order",
   "pk": 75,
   "fields": {
      "course": 10,
      "student": 4,
      "levels": 1,
      "order_status": 1,
      "order_date": "2020-08-12T19:47:17Z",
      "discounted_price": 0.0
   }
},
{
   "model": "myapp.order",
   "pk": 76,
   "fields": {
      "course": 10,
      "student": 4,
      "levels": 1,
      "order_status": 1,
      "order_date": "2020-08-12T19:47:17Z",
      "discounted_price": 0.0
   }
},
{
   "model": "myapp.order",
   "pk": 77,
   "fields": {
      "course": 10,
      "student": 4,
      "levels": 1,
      "order_status": 1,
      "order_date": "2020-08-12T19:47:17Z",
      "discounted_price": 0.0
   }
},
{
   "model": "myapp.order",
   "pk": 78,
   "fields": {
      "course": 10,
      "student": 4,
      "levels": 1,
      "order_status": 1,
      "order_date": "2020-08-12T19:47:17Z",
      "discounted_price": 0.0
   }
},
{
   "model": "myapp.order",
   "pk": 79,
   "fields": {
      "course": 10,
      "student": 4,
      "levels": 1,
      "order_status": 1,
      "order_date": "2020-08-12T19:47:17Z",
      "discounted_price": 0.0
   }
},
{
   "model": "myapp.profile",
   "pk": 1,
   "fields": {
      "user": 2,
      "image": "profile_pics/book.png"
   }
},
{
   "model": "myapp.profile",
   "pk": 2,
   "fields": {
      "user": 3,
      "image": "profile_pics/kavish.jpg"
   }
}
]
